Short Form,Full Form (English),Description,Arabic,Description (Arabic),Chinese,Description (Chinese),French,Description (French),German,Description (German),Italian,Description (Italian),Japanese,Description (Japanese),Korean,Description (Korean),Portugese,Description (Portugese),Russian,Description (Russian),Spanish,Description (Spanish)
,(Liquid) Sweeper,Slimestone term. Refers to a flying machine that clears out fluid within an area.,,,排水机,,,,,,,,,,,,,,,,,
,(Shulker Box) Disk Driver,,,,盒子硬盘,,,,,,,,,,,,,,,,(Shulker Box) Disk Driver,
,(TNT) Basket,Cannon term. Usually refers to a place where you align TNT or other propellant so that it can explode and apply motion to something else.,,,炮口,,,,,,,,,,,,,,,,,
0t,0-tick,Usually refers to a redstone signal that is shorter than 1gt. Also used to describe a piston extending and retracting within the same game tick.,,,0t,,,,,,,,,,,,,,,,,
,1-Wide Trench World Eater (aka Trench-less World Eater),Slimestone term. Usually refers to world eaters that only require 1 wide main trenches on both sides.,,,无沟世吞,,,,,,,,,,,,,,,,,
,3 Way Duper,Slimestone term. Refers to small TNT dupers with movable stations that move in 3 directions to clear an area,,,三向轰炸机,,,,,,,,,,,,,,,,,
,Accessible,,,,可访问的,,,,,,,,,,,,,,,,Accesible,
,Accessible (Box) Loader,Storage tech term. Refers to a contraption that groups item entities together before periodically releasing them into a waterstream or iceline. ,,,可访问打包机,,,,,,,,,,,,,,,,(Shulker) Box Loader Accesible,
,Aligner,,,,（实体）对正装置/矫正装置/矫正器/校准器,,,,,,,,,,,,,,,,Alineador,
,AND-Gate,,,,与门,,,,,,,,,,,,,,,,,
,AND-Gate,Slimestone term. Usually refers to the AND-gate in flying machines.,,,安全连杆,,,,,,,,,,,,,,,,,
,Array,,,,阵列,,,,,,,,,,,,,,,,Array,
,Async Observer,1.12.2,,,异步侦测器链,,,,,,,,,,,,,,,,Observer Asíncrono,
AABB,Axis Aligned Bounding Box,,,,（实体的）碰撞箱/边界箱,,,,,,,,,,,,,,,,Bounding Box Alineada en los Ejes,
,B36 TNT,Refers to a blast chamber component that shields item entities from explosion damage by enclosing the TNT entity into a moving block.,,,推爆,,,,,,,,,,,,,,,,TNT en B36,
,Balloon Oak,"A fancy oak generated with the smallest size possible. It consists of a tall trunk and leaves that form a spherical shape, similar to a balloon. However, it is also sometimes being referred as the fancy oak itself.",,,气球橡树,,,,,,,,,,,,,,,,,
,Bartering Farm,,,,猪灵交易所,,,,,,,,,,,,,,,,,
,Basalt Farm,,,,玄武岩机,,,,,,,,,,,,,,,,,
,Based,,,,基于,,,,,,,,,,,,,,,,Basado en,
,Batcher,Storage tech term. Refers to a contraption that groups item entities together before periodically releasing them into a waterstream or iceline. ,,,,,,,,,,,,,,,,,,,,
,Bedrock Breaking/Breaker,,,,破基岩/破基岩机/基岩机,,,,,,,,,,,,,,,,,
,Bedrock-less,Usually used to describe wither cages without bedrock.,,,无基岩,,,,,,,,,,,,,,,,,
Bin,Binary,"An encoding where each digit of a code is either on or off (we say it has a binary state, usually represented with 0s and 1s). ",,,二进制,,,,,,,,,,,,,,,,Binario,
,Biome,,,,生物群系,,,,,,,,,,,,,,,,Bioma,
,Bit,Short for binary digit: the digits in a binary system.,,,位,,,,,,,,,,,,,,,,Bit,
,Blacklist,,,,黑名单,,,,,,,,,,,,,,,,,
,Blast Chamber,,,,爆炸室,,,,,,,,,,,,,,,,Blast Chamber,
B36,Block 36 (aka Moving Piston),,,,36号方块,,,,,,,,,,,,,,,,Bloque 36,
,Block Entity (aka Tile Entity),,,,方块实体,,,,,,,,,,,,,,,,,
BE,Block Event,,,,方块事件,,,,,,,,,,,,,,,,Block Event,
BED,Block Event Delay/Depth,"Usually refers to piston updating other pistons in a chain reaction within a single game tick. Since pistons activate during the block event phase of the tick (kind of) and things execute in the order they are scheduled, having something be activated by a piston that was updated by a chain of three other pistons before it (BED 3) will always happen before something that was activated by a BED 5 event.",,,方块事件深度/方块事件延迟,,,,,,,,,,,,,,,,Block Event Delay, 
,Block Stream,,,,方块流,,,,,,,,,,,,,,,,Corriente de bloques,
,Block Stream Merger,,,,方块整流器,,,,,,,,,,,,,,,,Unificador de corrientes de bloques,
,Block Tick (aka Tile Tick),,,,计划刻,,,,,,,,,,,,,,,,Tile Tick,
BUD,Block Update Detector,A device that has something happen when it receives an update. ,,,方块更新检测器,,,,,,,,,,,,,,,,Detector de Block Updates,
,Blocker,Storage tech term.,,,"填充物, 占位物",,,,,,,,,,,,,,,,Bloqueador,
,Blockerless,Storage tech term.,,,"防填充物的, 防占位物的",,,,,,,,,,,,,,,,Sin Bloqueador,
,Blockstate palettes,1.12.2,,,方块状态调色板,,,,,,,,,,,,,,,,Paletas de Blockstates,
,Boat Capturing,,,,船吸,,,,,,,,,,,,,,,,,
,Boat Looting,Refers to a mob killing method by capturing the mobs with boats to remove from mob cap and killing afterwards.,,,船吸掠夺,,,,,,,,,,,,,,,,,
,Bomber,Slimestone term. Refers to small TNT dupers with movable stations to clear an area.,,,轰炸机,,,,,,,,,,,,,,,,,
BM,Bone Meal,,,,骨粉,,,,,,,,,,,,,,,,,
,Border Load,,,,边界加载,,,,,,,,,,,,,,,,Carga de Bordes,
,Bortal,,,,船吸双维度,,,,,,,,,,,,,,,,,
,Bounding Box (aka Axis Aligned Bounding Box),,,,（实体的）碰撞箱/边界箱,,,,,,,,,,,,,,,,,
,Box Comparer,"Storage tech term. Refers to a contraption that takes two boxes as input, and compares them by signal strength. A Box comparer normally has dedicated outputs for the fuller and less full boxes.",,,盒子比较器/盒子比对器,,,,,,,,,,,,,,,,Comparador de Boxes,
,Box Detection,Storage tech term. Usually used as a way to tag Loaders and Box Displays that restart themselves when boxes come in and they were previously empty.,,,盒子输入检测/盒子扫描器,,,,,,,,,,,,,,,,Detección de Boxes,
,Box Display,"Storage tech term. Refers to a contraption that displays a shulker box and has some or all of the following features: a button to dispense a new box, breaking of the box when it empties, automatically dispensing a new box when the old one is broken, storage for new shulker boxes, access to said storage, and some others, like hopper locking and not hiding boxes from the player in inaccessible inventories (called no buffer).",,,盒子展示,,,,,,,,,,,,,,,,Display de Boxes,
,Box Grouper,Storage tech term.,,,盒子分组器,,,,,,,,,,,,,,,,Agrupador de Boxes,
,Box Loader,Storage tech term.,,,盒子打包机,,,,,,,,,,,,,,,,Loader de Boxes,
,Box Processor,Storage tech term.,,,潜影盒处理,,,,,,,,,,,,,,,,Procesador de Boxes,
,Box Separator,Storage tech term. Refers to a contraption that takes boxes as input and separates them into different outputs based on their contents. This could for example be a contraption that takes single item-type boxes and has different outputs for boxes with 16-stackables and 64-stackables,,,盒子分离器,,,,,,,,,,,,,,,,Separador de Boxes,
,Box Sorter,"Storage tech term. Refers to a contraption that takes in boxes of a single item-type, takes the first item out and assigns the box to a storage Slice that matches the filter of that item.",,,盒子分类,,,,,,,,,,,,,,,,Clasificador de Boxes,
,Box Splitter,Storage tech term.,,,分盒器,,,,,,,,,,,,,,,,Divisor de Boxes,
,Box Yeet,Storage tech term. Refers to destroying a shulker box to unload the items inside.,,,烧包,,,,,,,,,,,,,,,,,
BFS,Breadth First Search,,,,广度/宽度优先搜索,,,,,,,,,,,,,,,,Búsqueda en Anchura,
,Breeder,A contraption that breeds mobs.,,,繁殖机,,,,,,,,,,,,,,,,,
,Bridge Maker,,,,造桥机/铺路机,,,,,,,,,,,,,,,,,
,BUD Line,,,,BUD链,,,,,,,,,,,,,,,,,
,Bufferless,Storage tech term.,,,无缓存,,,,,,,,,,,,,,,,Sin Buffer,
,Bulk (Storage),"Storage tech term. At it's simplest, a bulk storage is just a system that stores a lot of items, usually a single type per module and in box form.",,,大宗,,,,,,,,,,,,,,,,Almacenamiento en Masa,
,Carpet Duping/Duper,,,,地毯复制/复制机,,,,,,,,,,,,,,,,,
,Cart Based Box Unloader,,,,矿车盒子拆包机/矿车盒子卸货机,,,,,,,,,,,,,,,,(Box) Unloader basado en Minecarts,
,Cart Yeet,Refers to destroying a minecart to unload the items inside.,,,烧车,,,,,,,,,,,,,,,,Cart Yeet,
,Ceiling Placer,Slimestone term.,,,铺天花板机,,,,,,,,,,,,,,,,,
,Cellular Automata,,,,元胞自动机,,,,,,,,,,,,,,,,Autómata Celular,
,Chest Hall,Specifically for slices,,,全物品单片,,,,,,,,,,,,,,,,Chest Hall (Pasillo de Cofres),
,Chunk,,,,区块,,,,,,,,,,,,,,,,Chunk,
,Chunk Loader,,,,区块加载器,,,,,,,,,,,,,,,,Cargador de Chunks,
,Chunk Loader Line,,,,区块加载器链,,,,,,,,,,,,,,,,,
,Chunk Manipulation,,,,,,,,,,,,,,,,,,,,,
,Chunk Population ,1.12.2,,,区块装饰,,,,,,,,,,,,,,,,Populación de Chunks,
,Chunk Swap,1.12.2,,,区块替换,,,,,,,,,,,,,,,,Chunk Swap,
CT,Chunk Tick,,,,区块刻,,,,,,,,,,,,,,,,Chunk Tick,
,Chunk Ticket,,,,加载票,,,,,,,,,,,,,,,,Ticket de Chunk,
,Cluster,1.12.2,,,区块集群,,,,,,,,,,,,,,,,Cluster,
,Cobblestone Farm,,,,刷石机,,,,,,,,,,,,,,,,Granja de Cobblestone,
,Collection,Usually refers to a component that collects the item drops.,,,收集,,,,,,,,,,,,,,,,,
,Color Swapping/Swapper,A contraption or feature of a gravity block duper that can swap out the duped gravity blocks.,,,换色,,,,,,,,,,,,,,,,,
CUD,Comparator Update Detector (aka Tile Entity Update Detector),"Refers to a comparator that will change its signal once it either receives a block or inventory update. It is based on the behavior inherent to comparators where they don't notice inventory changes when reading it through a solid block (including an inventory being moved away or put in place, like a composter being moved by a piston). The CUD will then change it's signal once it either receives a block or inventory update.",,,比较器更新检测器,,,,,,,,,,,,,,,,Detector de Updates de Tile Entities (Detector de Updates de Comparadores),
,Concrete Converter,,,,混凝土固化机,,,,,,,,,,,,,,,,,
,Concrete Factory,Refers to a contraption that converts concrete powder duped from a gravity block duper to concrete and destroys the concrete.,,,混凝土固化机,,,,,,,,,,,,,,,,,
CME,ConcurrentModificationException,,,,并发修改异常,Java 中的一个运行时异常，通常在对集合进行迭代的过程中修改了集合结构时（例如，增删元素）抛出,,,,,,,,,,,,,,,,
,Congruential Generator,,,,同余生成器,,,,,,,,,,,,,,,,Generador Congruencial,
,Conversion,,,,换算,,,,,,,,,,,,,,,,Conversiñon,
,Conveyor,Usually refers to a contraption that conveys a block or entity.,,,传送带,,,,,,,,,,,,,,,,,
,Corner Portal,Refers to the nether portal setup where entities passing through ends up in lazy chunk.,,,,,,,,,,,,,,,,,,,,
,Corner Retraction,Tree farming term. Refers to a type of bottom log processing for big spruce tree farms by removing the corner log first in gt0 to allow sapling planting at that spot.,,,角落侧吸,,,,,,,,,,,,,,,,Retracción de esquina,
,Crafter,,,,合成器/牛爷爷,,,,,,,,,,,,,,,,,
,Crafting Station,,,,合成站,,,,,,,,,,,,,,,,,
XBM,Cross Bone Meal,"Tree farming term. Asynchronous application of bone meal to a sapling with multiple dispensers, usually used to differentiate from synced bone meal",,,交叉催熟,树场群体的术语。指多个发射器对树苗不同步地使用骨粉，一般用于和同步催熟做出区分,,,,,,,,,,,,,,,,
,Crosstalk,A term used for when 2 tiled Slices are interfering with each other in any situation.,,,串线,,,,,,,,,,,,,,,,Crosstalk (Diafonía),
cyc,Cyclical,,,,循环的,,,,,,,,,,,,,,,,Cíclico,
Doak,Dark Oak,,,,深色橡树,,,,,,,,,,,,,,,,,
DUD,Data Update Detector (aka Comparator Update Detector),"Refers to a comparator that will change its signal once it either receives a block or inventory update. It is based on the behavior inherent to comparators where they don't notice inventory changes when reading it through a solid block (including an inventory being moved away or put in place, like a composter being moved by a piston). The CUD will then change it's signal once it either receives a block or inventory update.",,,方块实体更新检测器,,,,,,,,,,,,,,,,Detector de Updates de Dato (Detector de Updates de Comparadores),
,Decimal,,,,十进制,,,,,,,,,,,,,,,,Decimal,
,Decoder,"In computational redstone, it's sometimes used to mean increasing the size of a base, bin to hex, for example, see Transcoder.",,,解码器,,,,,,,,,,,,,,,,,
,Decoder,"A storage tech term. Refers to a contraption that translates code or data to item, like an encoded storage hall, the inverse of an Encoder, or one that translates code into user-readable information, like a display.",,,解码器,,,,,,,,,,,,,,,,Decodificiador,
DFS,Depth-First Search,,,,深度优先搜索,,,,,,,,,,,,,,,,Búsqueda Depth-First,
,Deserializer,,,,串行信号接收器,,,,,,,,,,,,,,,,Deserializador,
,Despawn Looting,,,,消失掠夺,,,,,,,,,,,,,,,,,
dir,Directional,"A contraption is said to be directional if it exhibits a different behavior when rotated or mirrored. This is usually caused by some internal component being directional itself, which in turn is most often caused by update order: each components notifies its neighbors of the update in a set order (for example, negative to positive z first, then negative to positive y, then x). There are also other causes of directionality.",,,方向性,,,,,,,,,,,,,,,,Direccional,
DPE,Double Piston Extender,,,,二次递归,,,,,,,,,,,,,,,,Doble Extensor de Pistones,
DPE,Double Piston Extender,,,,二次递推/递归,,,,,,,,,,,,,,,,,
,Down Acceleration,,,,下弹,,,,,,,,,,,,,,,,,
,Dragon Killer/Slayer,,,,屠龙炮,,,,,,,,,,,,,,,,,
,Dropper Line,A line of droppers to transport items fast.,,,投掷器链,,,,,,,,,,,,,,,,Línea de Droppers,
,Dropper Speed,"Storage tech term. Similar to Hopper speed, but less frequently used. Refers to the speed at which items are processed in a dropper when clocked at the minimum interval (1 item every 4gt). Usually written as an integer or fraction (e.g. ""3x or 1/2x dropper speed""). 1x Dropper speed is equal to 2x Hopper speed.",,,投掷器速,,,,,,,,,,,,,,,,,
,Drops (aka Item Drops),,,,掉落物,,,,,,,,,,,,,,,,Drops,
DPH,Drops Per Hour,,,,掉落物每小时,,,,,,,,,,,,,,,,Drops por Hora,
,Dust Updateless,"Some contraptions are not Dustless, but the dust they use does not get updated (does not change ss). This can be because it is either used to steadily power a component, or because it's used by redirecting it, but not changing ss. Redirecting dust is really lag friendly, as lag usage goes. These terms are therefore often used interchangeably.",,,无红石粉能量变化;无粉(广义),,,,,,,,,,,,,,,,Sin actualizaciones de polvo de redstone,
DL,Dustless,"Usually refers to dust update-less contraption, but it can also be used to state the absence of redstone dust within a contraption.",,,无粉(狭义),,,,,,,,,,,,,,,,Sin polvo de redstone,
,Dynamic,,,,动态的,,,,,,,,,,,,,,,,Dinámico,
DP,Dynamic Programming,,,,动态规划,,,,,,,,,,,,,,,,Programación Dinámica,
,Efficiency,"Usually refers to how efficient a contraption is utilised, like the area efficiency of an ice farm.",,,利用率,,,,,,,,,,,,,,,,Eficiencia,
,Efficiency (aka Return Rate),"Usually refers to the ratio of item collected with to the actual produced item. As an example for blast chambers, it can be written as 99.6% efficiency.",,,回收率,,,,,,,,,,,,,,,,,
,Elytra Cannon (aka Player Cannon),,,,玩家炮/鞘翅炮,,,,,,,,,,,,,,,,,
,Encoded,"Storage tech term. A system is said to be encoded when a signal in the form of a code is used to decide the fate of items or boxes. In broader terms, it refers to systems that use codes to transfer instructions. Codes can be a Binary signal, a Hexadecimal signal or, less often, octal or quaternary, with either multiple or single digits.",,,编码的,,,,,,,,,,,,,,,,Codificado,
,Encoder,"In computational redstone, this sometimes refers to decreasing the size of the base used in the code: for example hex to bin. see Transcoder.",,,编码器,,,,,,,,,,,,,,,,Codificador,
,Encoder,"Storage tech term. Refers to a contraption that translates items into a code, where code can be any sort of signal in any base (bin, hex, other less used ones) or other codes (block event delay), or a contraption that translates a player input (say a selection panel) into code.",,,编码器,,,,,,,,,,,,,,,,Codificador,
,Enderman,,,,末影人/小黑,,,,,,,,,,,,,,,,,
,Entity Loaded,,,,强加载,,,,,,,,,,,,,,,,Entidades Cargadas,
,Entity Processing,As an adjective,,,强加载的,,,,,,,,,,,,,,,,Procesa Entidades,
EU,Entity Update,,,,实体运算/实体更新,,,,,,,,,,,,,,,,Actualización de Entidades,
XP,Experience,,,,经验,,,,,,,,,,,,,,,,,
,Falling Block,,,,落沙,,,,,,,,,,,,,,,,,
,Falling Swap,1.12.2,,,落沙替换,,,,,,,,,,,,,,,,Falling swap,
,Farm,Machines for the production of resources in particular,,,农场,,,,,,,,,,,,,,,,Granja,
FTL,Faster Than Light,Usually refers to pearl cannon where the pearl transports faster than the speed of light.,,,FTL,,,,,,,,,,,,,,,,,
,Fifo (aka Shift Register),,,,移位寄存器,,,,,,,,,,,,,,,,Registro de Desplazamiento,
,Fill (Level) Sorter,"Storage tech term. Refers to a Box Separator that has different outputs based on how full the box is, usually Empty / Full / Partial. IsEmpty is a Fill Sorter that only has outputs for empty and not-empty ( Full / Partial ) IsFull is a Fill Sorter that only has outputs for full and not-full ( Empty / Partial )",,,填充度分类器,,,,,,,,,,,,,,,,Clasificador de nivel de llenado,
,Filtered,,,,分类的,,,,,,,,,,,,,,,,Filtrado,
,Filtered Loader,Storage tech term. A Loader combined with an item filter that fills a box with just one item type.,,,分类打包机,,,,,,,,,,,,,,,,(Box) Loader con Filtro,
,First box placement,"Storage tech term, refers to a feature of a contraption (usually box unloader or box display) that automatically places the first box.",,,自喷盒,,,,,,,,,,,,,,,,Primera Colocación de (Shulker) Box,
,Fixed Sorter,Storage tech term.,,,固定分类,,,,,,,,,,,,,,,,Clasificador Fijo,
,Float Alignment,,,,浮点数对齐,,,,,,,,,,,,,,,,,
,Floor Placer,Slimestone term.,,,铺地板机,,,,,,,,,,,,,,,,,
,Flower Farm,,,,刷花机,,,,,,,,,,,,,,,,,
FM,Flying Machine,,,,飞行器,,,,,,,,,,,,,,,,Máquina Voladora,
,Folding DPE,"A double piston extender that pushes another sticky piston in from the side, usually used in 0-tick redstone contraptions to move blocks over two blocks as fast as possible.",,,折叠二递推,,,,,,,,,,,,,,,,,
,Force Load,,,,强制加载,,,,,,,,,,,,,,,,Carga forzada,
,Fortress Farm,,,,要塞全怪塔/堡垒全怪塔,,,,,,,,,,,,,,,,,
fBM,Fractual Brownian Motion,,,,分形布朗运动,,,,,,,,,,,,,,,,Movimiento Browniano Fraccional,
,Fractual Density Noise Map,,,,分形密度噪声图,,,,,,,,,,,,,,,,Mapa de Ruido de Densidad Fraccional,
FPS,Frames Per Second,"A measure of how many frames a client is able to process each second. This is similar to, but independent of TPS, which denotes server-side performance.",,,,,,,,,,,,,,,,,,,,
,Full Item Stack,A stack of items up to 64 or 16 items depending on item type,,,物品组,,,,,,,,,,,,,,,,,
FHL,Fully Hopper-Locked,,,,漏斗全锁,,,,,,,,,,,,,,,,Con Todos los Hoppers Bloqueados,
,Furnace Array,,,,熔炉组,,,,,,,,,,,,,,,,Array de Hornos,
gt,Game Tick (aka Tick),"Minecraft iteratively runs its processing code in a loop. One cycle of this loop is called a Tick or Gametick (gt). Gameticks are also used as the default measurement of time while working with redstone. The game attempts to run 20 gameticks a second (20tps), but will fail to do so and slow down the game if the server is lagging (>50mspt). ",,,游戏刻,,,,,,,,,,,,,,,,Game Tick,
GMF,General Mob Farm,,,,主世界刷怪塔,,,,,,,,,,,,,,,,,
,Ghast Looting,,,,恶魂掠夺,,,,,,,,,,,,,,,,,
,Global,,,,全局的,,,,,,,,,,,,,,,,Global,
,Gravity Block Duper,,,,刷沙机,,,,,,,,,,,,,,,,,
,Hash,,,,哈希,,,,,,,,,,,,,,,,,
HOTV,Hero of the Village,A status effect granted to the player upon defeating a raid.,,,村庄英雄,,,,,,,,,,,,,,,,,
Hex,Hexadecimal,,,,十六进制,,,,,,,,,,,,,,,,Hexadecimal,
,High Precision Entity Alignment,,,,高精度实体对齐,,,,,,,,,,,,,,,,,
HSS,High Signal Strength (aka Overstacked Signal Strength),Storage tech term.,,,强模,,,,,,,,,,,,,,,,Sobrecarga de Signal Strength,
,Hitbox (aka Axis Aligned Bounding Box),,,,（实体的）碰撞箱/边界箱,,,,,,,,,,,,,,,,,
HS,Honey Slime,Honey and slime blocks,,,蜜绿,,,,,,,,,,,,,,,,,
HS,Hopper Speed,Storage tech term.,,,漏斗速,,,,,,,,,,,,,,,,Velocidad de Hopper (9k items/h),
,Hopperline,,,,漏斗链,,,,,,,,,,,,,,,,Línea de Hoppers,
,Hopper-Locked,Storage tech term.,,,锁漏斗,,,,,,,,,,,,,,,,Hoppers Bloqueados,
,Hostile mob switch,,,,敌对生物伪和平/伪和平,,,,,,,,,,,,,,,,Mobswitch de Mobs Hostiles,
,Hostile mobs,,,,敌对生物,,,,,,,,,,,,,,,,Mobs Hostiles,
,Hunger level,,,,饥饿值,,,,,,,,,,,,,,,,Nivel de Hambre,
,Hybrid,Storage tech term.,,,复合的(缓存打包),,,,,,,,,,,,,,,,Híbrido,
,Ice Farm,,,,刷冰机,,,,,,,,,,,,,,,,,
,Ice Highway,,,,冰道,,,,,,,,,,,,,,,,,
,InfiniOmen (aka OmenInfinitum),"Raid farming term. Refers to a 1.21.5+ bug, where the Bad Omen effect remains after transforming into Raid Omen, and triggering the Raid Omen effect for free every 30 seconds within the 100-minute duration of the Bad Omen effect.",,,无限袭击之兆,袭击术语。指一个1.21.5的漏洞，即在不祥之兆转化为袭击之兆后并没有消失，在效果持续的 100 分钟内，每 30 秒即可免费制造一次袭击之兆。,,,,,,,,,,,,,,,,
,Instant,,,,即时(瞬时),,,,,,,,,,,,,,,,Instantáneo,
,Instant falling,1.12.2,,,瞬时下落,,,,,,,,,,,,,,,,Instant Fall (Caída instantánea de bloques),
ITT,Instant tile Tick(itt)/instantScheduling,1.12.2,,,瞬时计划刻,,,,,,,,,,,,,,,,Instant Tile Tick (Tile ticks instantáneos),
,Instant Wire,Refers to a contraption or wiring that can send signal instantly,,,瞬时线路,,,,,,,,,,,,,,,,,
,Invisible chunks(I),1.12.2,,,隐形区块,,,,,,,,,,,,,,,,Chunks Invisibles,
,Iron Farm,,,,刷铁机,,,,,,,,,,,,,,,,,
,Item Call,Storage tech term.,,,物品呼叫,,,,,,,,,,,,,,,,Llamada de Items,
,Item Drops (aka Drops),,,,掉落物,,,,,,,,,,,,,,,,,
,Item Input,Storage tech term.,,,物品输入,,,,,,,,,,,,,,,,Input de Items,
,Item Overflow,Storage tech term.,,,物品溢出,,,,,,,,,,,,,,,,Overflow de Items,
,Item Sorter,Storage tech term.,,,物品分类,,,,,,,,,,,,,,,,Clasificador de Items,
,Item Wanker (aka Keygen),Storage tech term.,,,物盒分离/潜影盒取样器,,,,,,,,,,,,,,,,Item Wanker,
,Job Site Block (aka Workstation),Any block that a player or villager can use to produce items. ,,,（村民）工作站,,,,,,,,,,,,,,,,,
,Keygen (aka Item Wanker),Storage tech term.,,,物盒分离/潜影盒取样器,,,,,,,,,,,,,,,,Keygen,
,Killing Chamber,,,,击杀室,,,,,,,,,,,,,,,,Killing Chamber,
,Layout,,,,架构,,,,,,,,,,,,,,,,Layout,
,Lazy Acceleration,Refers to a method of entity acceleration where entities are accelerated by explosions or collisions while remaining in lazy chunks.,,,弱加载蓄力,,,,,,,,,,,,,,,,,
,Lazy Link,,,,弱链接,,,,,,,,,,,,,,,,,
,Lazy Load,,,,弱加载,,,,,,,,,,,,,,,,Carga en Lazy ,
,Lazy Looting,,,,弱加载掠夺,,,,,,,,,,,,,,,,,
,Leaf Detection,Tree farming term. Refers to a method of detecting tree growth by utlising the updates from leaves branching out from the bottom log when tree grows.,,,树电检测/树叶检测,,,,,,,,,,,,,,,,,
,Leafstone,Refers to a method of sending signal or update through the state change of leaves.,,,树电,,,,,,,,,,,,,,,,,
LUD,Liquid Update Detector,,,,流体更新检测器,,,,,,,,,,,,,,,,Detector de Actualizaciones de Líquidos,
,Loader,Storage tech term.,,,打包机,,,,,,,,,,,,,,,,Cargador,
,Local,,,,"局部的, 非全局的",,,,,,,,,,,,,,,,Local,
,Local Output (aka Slice Preservation),Storage tech term.,,,,,,,,,,,,,,,,,,,,
loc,Locational,,,,位置性,,,,,,,,,,,,,,,,Locacional,
,Logical Gate,,,,逻辑门,,,,,,,,,,,,,,,,Puerta Lógica,
MS,Main Storage,Storage tech term.,,,全物品/全物品分类仓库,,,,,,,,,,,,,,,,Almacén Principal,
,Map Art,,,,地图画,,,,,,,,,,,,,,,,,
,Merger,Storage tech term.,,,潜影盒合并器,,,,,,,,,,,,,,,,Unificador,
,MicroTiming,,,,微时序,,,,,,,,,,,,,,,,Microtiming (Timings entre Fases del Tick) ,
MSPT,Milliseconds Per Tick,Number of milliseconds to execute a game tick,,,MSPT,,,,,,,,,,,,,,,,Milisegundos por Tick,
,Mixed,,,,混杂的,,,,,,,,,,,,,,,,Mezclado,
,Mixed Box,Storage tech term.,,,混杂盒,,,,,,,,,,,,,,,,Box Mezclada,
,Mixed Box Loader,Storage tech term.,,,混杂打包机,,,,,,,,,,,,,,,,Loader de Boxes Mezcladas,
,Mob Head Farm,,,,头颅农场,,,,,,,,,,,,,,,,,
MCP,Mod Coder Pack,,,,无,,,,,,,,,,,,,,,,Mod Coder Pack,
,Momentum,,,,动量,,,,,,,,,,,,,,,,Momento,
,Motion,,,,动量,,,,,,,,,,,,,,,,,
,Moving Piston (aka Block 36),,,,移动中的方块,,,,,,,,,,,,,,,,Pistón Moviéndose (B36),
MBS,Multi Box Sorter,Storage tech term.,,,多种类潜影盒分类,,,,,,,,,,,,,,,,Clasificador Múltiple de Boxes,
MIS,Multi Item Sorter,Storage tech term.,,,多物品分类,,,,,,,,,,,,,,,,Clasificador Múltiple de Items,
,N Core,"In huge fungus farming community, it refers to a farm with multiple tileable cores (usually n≫1) that the player travels between planting consecutively at each one",,,N 核,,,,,,,,,,,,,,,,,
,n X,Usually refers to hopper or dropper speed in storage tech community,,,n倍速,,,,,,,,,,,,,,,,n X,
NC,Neighbor Change,,,,方块更新,,,,,,,,,,,,,,,,Neighbor Change,
,Nether,,,,下界/地狱,,,,,,,,,,,,,,,,Nether,
,Nether Transportation,,,,地狱交通,,,,,,,,,,,,,,,,,
,Nether Tree,Refers to huge fungus.,,,巨型下界菌/地狱菌,,,,,,,,,,,,,,,,,
NU/AT,Network Update/Async Task,,,,网络流更新/异步线程/玩家操作更新,,,,,,,,,,,,,,,,Actualización de Red / Tarea Asíncrona,
,Neutral mobs,,,,中立生物,,,,,,,,,,,,,,,,Mobs Neutrales,
NTE,Next Tick Entry(aka Tile Tick),,,,计划刻,,,,,,,,,,,,,,,,Siguiente entrada (en la lista de) de Tick,
,Noise Map,,,,噪声图,,,,,,,,,,,,,,,,Mapa de Ruido,
,Obsidian Condom Blast Chamber,,,,奶爆/纯牛奶爆炸室,,,,,,,,,,,,,,,,Blast Chamber con Condón de Obsidiana,
,Octave,,,,八度,,,,,,,,,,,,,,,,Octava,
,OmenInfinitum (aka infiniOmen),"Raid farming term. Refers to a 1.21.5+ bug, where the Bad Omen effect remains after transforming into Raid Omen, and triggering the Raid Omen effect for free every 30 seconds within the 100-minute duration of the Bad Omen effect.",,,无限袭击之兆,袭击术语。指一个1.21.5的漏洞，即在不祥之兆转化为袭击之兆后并没有消失，在效果持续的 100 分钟内，每 30 秒即可免费制造一次袭击之兆。,,,,,,,,,,,,,,,,
,Operation Stack,,,,操作栈,,,,,,,,,,,,,,,,Stack de Operaciones,
,Overhead,"Slimestone term. Usually used for bedrock breakers, which is the amount of extra space a machine requires to move down a layer. It is usually only 1 number, which means it's the same in all directions, but can be multiple instead, usually 1 for each direction. It's the number of additional blocks that must be broken around the machine's primary breaking pattern to create a hole large enough for the machine to fit.",,,预留,,,,,,,,,,,,,,,,,
OSS,Overstacked Signal Strength (aka High Signal Strength),,,,强模,,,,,,,,,,,,,,,,Sobrecarga de Signal Strength,
,Pack Spawning,,,,刷怪游走,,,,,,,,,,,,,,,,Spawneo en Manada,
,Pair Optimizer,Storage tech term.,,,潜影盒最优配对器,,,,,,,,,,,,,,,,Optimizador de Pares,
,Pair Searcher,Storage tech term.,,,潜影盒配对器,,,,,,,,,,,,,,,,Buscador de Pares,
,panel,,,,面板,,,,,,,,,,,,,,,,Panel,
,Paraller Codes,,,,并行码/并行信号,,,,,,,,,,,,,,,,Código en Paralelo,
,Passive mob switch,,,,友好生物伪和平,,,,,,,,,,,,,,,,Mobswitch de Mobs Pasivos,
,Passive mobs,,,,友好生物,,,,,,,,,,,,,,,,Mobs Pasivos,
,Pearl cannon,,,,珍珠炮,,,,,,,,,,,,,,,,Cañón de perlas,
,Pearl Stasis Chamber,,,,珍珠缓存站/滞留站,,,,,,,,,,,,,,,,,
PEIS,PEIS,,,,并行卸货阵列/整流器,,,,,,,,,,,,,,,,PEIS,
,Perimeter,,,,空置域,,,,,,,,,,,,,,,,Perimetro,
,Peripheral,,,,其他的,,,,,,,,,,,,,,,,Periférico,
,Perlin Noise,,,,柏林噪声,,,,,,,,,,,,,,,,Ruido de Perlin,
,Pig Cannon,,,,猪炮,,,,,,,,,,,,,,,,,
,Piston Bolt,A contraption using an array of pistons to move minecarts on specific rail setup to achieve a high movement speed.,,,矿车传送带/活塞矿车,,,,,,,,,,,,,,,,,
,Pistonless,,,,无活塞的,,,,,,,,,,,,,,,,Sin Pistones,
,Player Cannon (aka Elytra Cannon),,,,玩家炮/鞘翅炮,,,,,,,,,,,,,,,,,
,Playerless,Adjective. Usually to describe a contraption that does not require player existence to operate.,,,无玩家,,,,,,,,,,,,,,,,,
,Pod,Usually refers to the amount of villagers in groups of 3 in an iron farm.,,,核,通常指刷铁机内村民组（3个为一组）的数量,,,,,,,,,,,,,,,,
POI,Point Of Interest,,,,兴趣点,与中文译名相比，POI这一简称在实际讨论中似乎更常出现,,,,,,,,,,,,,,,Punto de Interés,
,Position,,,,坐标,,,,,,,,,,,,,,,,Posición,
PP,Post Placement (aka Shape Update),,,,形状更新/状态更新,,,,,,,,,,,,,,,,Post-Colocado,
,Precision,Storage tech term.,,,精密的,,,,,,,,,,,,,,,,Precisión,
,Precision Hopper,Storage tech term.,,,精密漏斗,,,,,,,,,,,,,,,,Hopper de Precisión,
,Precision Loader,Storage tech term.,,,精密打包机,,,,,,,,,,,,,,,,Loader de Precisión,
,Prefill,Refers to filling containers with items beforehand.,,,预填充,,,,,,,,,,,,,,,,,
,Preplace,Refers to blocks being placed beforehand.,,,预放置,,,,,,,,,,,,,,,,,
,Projectile,,,,弹射物/飞行物/投掷物,,,,,,,,,,,,,,,,,
,Propellant,Mostly used in cannons,,,推进剂,,,,,,,,,,,,,,,,Comburente,
,Pulse,Usually refers to a redstone signal turning on and off once.,,,脉冲,,,,,,,,,,,,,,,,,
,Pure Box,Storage tech term.,,,纯净盒,,,,,,,,,,,,,,,,Box Pura,
PLD,Push Limit Detection/Detector,"A method or contraption that outputs when the input is push limited, usually used in tree farming community.",,,推动上限检测/推限检测/魔法检测,,,,,,,,,,,,,,,,Detector de Push Limit,
,QC Detection,"Tree farming term. Refers to a method of detecting tree growth by QC powering the bottom log and updating a piston below the dirt, which extends when a tree grows, thus activating the farm.",,,QC检测,,,,,,,,,,,,,,,,,
,Quad Bulk,Storage tech term.,,,四边形大宗,,,,,,,,,,,,,,,,Bulk Cuádruple,
,Quarry,,,,挖矿机/采矿机/采石场,,,,,,,,,,,,,,,,Quarry,
,Quarry Trencher,"A flying machine that makes trench by transporting blocks from terrain and destroys elsewhere, similar to a quarry.",,,挖沟机,,,,,,,,,,,,,,,,,
QC,Quasi Connectivity,,,,半连接性,,,,,,,,,,,,,,,,Quasiconectividad,
,Queue,,,,队列,,,,,,,,,,,,,,,,Lista de espera,
,Raid Shifting,Raid farming term.,,,袭击迁移,,,,,,,,,,,,,,,,,
,Raid Stacking,Raid farming term.,,,袭击堆叠,,,,,,,,,,,,,,,,,
,Rail Duping/Rail Duper,,,,铁轨复制/刷铁轨机,,,,,,,,,,,,,,,,,
,Random Tick & Climate (RTC),,,,随机刻和气候,,,,,,,,,,,,,,,,Random Ticks y Clima,
RAM,Random-Access Memory,,,,读写存储器,,,,,,,,,,,,,,,,Memoria de Acceso Aleatorio,
,Rates,Usually refers to the speed or amount of item drops of a contraption.,,,效率,,,,,,,,,,,,,,,,,
ROM,Read-Only Memory,,,,只读存储器,,,,,,,,,,,,,,,,Memoria de solo lectura,
,Redcoder,,,,红石信号解码器,,,,,,,,,,,,,,,,Redcoder,
rt,Redstone Tick,,,,红石刻,,,,,,,,,,,,,,,,Redstone Tick,
,Reload Detection/Detector,,,,重载检测/检测器,,,,,,,,,,,,,,,,,
,Remote Bulk,,,,远程访问大宗,,,,,,,,,,,,,,,,Bulk Remoto,
RD,Render Distance,,,,视距,,,,,,,,,,,,,,,,Distancia de Renderizado,
,Retract Through Dirt,Tree farming term. Refers to log being retracted downwards through the planting block (dirt or nylium) with pistons and being moved away,,,下吸,,,,,,,,,,,,,,,,Retraer a través de Dirt,
,Return Rate (aka Efficiency),"Usually refers to the ratio of item collected with to the actual produced item. As an example for blast chambers, it can be written as 99.6% efficiency.",,,回收率,,,,,,,,,,,,,,,,Tasa de retorno,
,Return Station,Slimestone term.,,,返回站,,,,,,,,,,,,,,,,,
,RNG Manipulation,,,,,,,,,,,,,,,,,,,,,
,Safe,,,,安全的,,,,,,,,,,,,,,,,Seguro,
,Sand Duping/Sand Duper,,,,刷沙/刷沙机,,,,,,,,,,,,,,,,,
,Saturation level,,,,饱和度,,,,,,,,,,,,,,,,Nivel de Saturación,
,Scheduled Tick (aka Tile Tick),,,,计划刻,,,,,,,,,,,,,,,,Schedule Tick (Tile Tick),
Schem,Schematic,Litematica mod schematic,,,投影/原理图,,,,,,,,,,,,,,,,Schematic (Litematic),
,Seed,,,,种子,,,,,,,,,,,,,,,,Semilla,
,Self-Returning,,,,自返回,,,,,,,,,,,,,,,,,
Self-Sus,Self-Sustaining,Adjective. Usually used to describe farms that produces bone meal (usually by composting excess foliage) to sustain the bone meal consumption.,,,自循环,,,,,,,,,,,,,,,,,
,Sequential,Storage tech term.,,,顺序的,,,,,,,,,,,,,,,,Secuencial,
,Serial Codes,,,,串行码/并行信号,,,,,,,,,,,,,,,,Código Serial,
,Serializer,,,,串行信号发生器,,,,,,,,,,,,,,,,Serializador,
,Set,,,,整流,,,,,,,,,,,,,,,,Set,
,Set Based,Storage tech term.,,,首位检测,,,,,,,,,,,,,,,,Basado en Set,
,Shape Update(aka Post Placement),,,,形状更新/状态更新,,,,,,,,,,,,,,,,Shape Update,
,Sheep Fricker,,,,草羊机,,,,,,,,,,,,,,,,,
,Shift Register (aka Fifo),,,,移位寄存器,,,,,,,,,,,,,,,,Registro de Desplazamiento,
,Side Acceleration,,,,侧弹,,,,,,,,,,,,,,,,,
,Side Retraction,"Usually refers to pulling a block sideways, often used to describe bottom log processing in tree farm community.",,,侧吸,,,,,,,,,,,,,,,,Retracción lateral,
SS,Signal Strength,,,,信号强度,,,,,,,,,,,,,,,,Signal Strength,
SSI,Signal Strength Isolated,,,,信号隔离,,,,,,,,,,,,,,,,Signal Strength Aislada,
SS Sorter,Signal Strength Sorter,,,,潜影盒填充度分类,,,,,,,,,,,,,,,,Clasificador de Signal Strength,
,Silent,,,,静音,,,,,,,,,,,,,,,,Silencioso,
,Simulation distance,,,,模拟距离,,,,,,,,,,,,,,,,Distancia de Simulado,
,Size/Dimension,,,,体积,,,,,,,,,,,,,,,,Tamaño/Dimensiones,
,Skeleton,,,,骷髅/小白,,,,,,,,,,,,,,,,,
,Slice,,,,单片,,,,,,,,,,,,,,,,Slice,
,Slice Preservation (aka Local Output),Storage tech term.,,,单片输出,,,,,,,,,,,,,,,,Presevarción de Slice,
,Slime-less,Adjective. Usually refers to the absence of slime ball and slime blocks of a contraption.,,,无粘,,,,,,,,,,,,,,,,,
,Slimestone,Flying machine related technology.,,,绿萌,,,,,,,,,,,,,,,,Slimestone,
,Smart,,,,智能的,,,,,,,,,,,,,,,,Inteligente,
,Smart (Shulker) Box Display,Storage tech term.,,,可反悔潜影盒展示,,,,,,,,,,,,,,,,(Shulker) Box Display Inteligente,
,Smart (Shulker) Box Sorter,Storage tech term.,,,单片解锁潜影盒分类,,,,,,,,,,,,,,,,(Shulker) Box Sorter Inteligente,
,Smart Piston,Usually referred to a piston that automatically extends when a block is placed in front of it,,,自行活塞,一般指当面前有方块被放置就会自动伸出的活塞,,,,,,,,,,,,,,,,
,Smooth Wall,,,,平墙,,,,,,,,,,,,,,,,,
,Sorter,,,,分类器,,,,,,,,,,,,,,,,Clasificador ,
,Spawning Chamber,,,,生成室,,,,,,,,,,,,,,,,Cámara de Spawneo,
,Spawning Potential,,,,刷怪势能/生成势,,,,,,,,,,,,,,,,Potencial de Spawneo,
,Splitter,,,,分流,,,,,,,,,,,,,,,,Divisor,
,Stack,,,,栈,,,,,,,,,,,,,,,,Stack,
,Stack,"Refers to a pile of entities, such as items or mobs",,,堆,,,,,,,,,,,,,,,,Stack,
,Stack Separation/Separator,,,,堆分离,,,,,,,,,,,,,,,,Separador de Stacks,
,Stack Sorter,Storage tech term.,,,堆分类,,,,,,,,,,,,,,,,Clasificador de Stacks,
,Stationary POI,Raid farming term.,,,静态兴趣点,,,,,,,,,,,,,,,,,
SIS,Storage Input System,Storage tech term.,,,无实体输入系统,,,,,,,,,,,,,,,,Input del Sistema de Almacenamiento,
ST,Storage Tech,"Storage Technology, usually referred to item sorting and storage systems",,,储电,,,,,,,,,,,,,,,,,
,String Duper,,,,刷线机,,,,,,,,,,,,,,,,,
,Sub Chunk/Chunk Section/Section,,,,子区块,,,,,,,,,,,,,,,,Sub Chunk/Sección de Chunk,
Svar,Svar,,,,自适应潜影盒分类,,,,,,,,,,,,,,,,Clasificador Variable de (Shulker) Boxes,
,Sync,,,,同步,,,,,,,,,,,,,,,,Síncrono,
,Synced Bone Meal,"Tree farming term. Synchronous application of bone meal to a sapling with all the dispensers, usually used to differentiate from cross bone meal",,,同步催熟,树场群体的术语。指所有发射器同步地对树苗使用骨粉，一般用于和交叉催熟做出区分,,,,,,,,,,,,,,,,
,Synchronized method,1.12.2,,,同步锁方法,,,,,,,,,,,,,,,,Método `synchronized`,
,Temp Storage,"Storage tech term. Refers to a contraption that stores a partial box until another partial box with the same item type is input, after which both are output for merging",,,临时存储(缓存),,,,,,,,,,,,,,,,Almacén Temporal,
,Terrain Height,,,,地形高度,,,,,,,,,,,,,,,,Altura del Terreno,
t,Tick (aka Game Tick),"Minecraft iteratively runs its processing code in a loop. One cycle of this loop is called a Tick or Gametick (gt). Gameticks are also used as the default measurement of time while working with redstone. The game attempts to run 20 gameticks a second (20tps), but will fail to do so and slow down the game if the server is lagging (>50mspt). ",,,,,,,,,,,,,,,,,,,,
TPS,Ticks Per Second,Game tick count that can be executed in a second,,,无,,,,,,,,,,,,,,,,Ticks por Segundo,
TE,Tile Entity (aka Block Entity),,,,方块实体,,,,,,,,,,,,,,,,Tile Entity,
TEUD,Tile Entity Update Detector (aka Comparator Update Detector),"Refers to a comparator that will change its signal once it either receives a block or inventory update. It is based on the behavior inherent to comparators where they don't notice inventory changes when reading it through a solid block (including an inventory being moved away or put in place, like a composter being moved by a piston). The CUD will then change it's signal once it either receives a block or inventory update.",,,方块实体更新检测器,,,,,,,,,,,,,,,,Detector de Updates de Tile Entities (Detector de Updates de Comparadores),
TT,Tile Tick (aka Block Tick),,,,计划刻,,,,,,,,,,,,,,,,Tile Tick,
TTP,Tile Tick Priority,,,,计划刻优先级,,,,,,,,,,,,,,,,Prioridad de Tile Ticks,
,Tileable,,,,可堆叠/拼接的,,,,,,,,,,,,,,,,Tileable,
,TNT Duping,,,,TNT复制,,,,,,,,,,,,,,,,,
,TNT Looting,,,,TNT掠夺,,,,,,,,,,,,,,,,,
,Trading Hall,,,,村民交易所,,,,,,,,,,,,,,,,,
,Transcoder,,,,转码器,,,,,,,,,,,,,,,,Transcodificador,
,Trencher,A flying machine that makes trench.,,,炸沟机/挖沟机,,,,,,,,,,,,,,,,,
,Trench-less,Slimestone term. Usually refers to a machine that does not require a trench while the others of the same type usually does.,,,无沟,,,,,,,,,,,,,,,,,
,Trenchless Quarry,Quarry which does not require clearance on the bottom or sides.,,,无沟采矿机,,,,,,,,,,,,,,,,,
,Trench-less World Eater (aka 1-Wide Trench World Eater),Slimestone term. Usually refers to world eaters that only require 1 wide main trenches on both sides.,,,无沟世吞,,,,,,,,,,,,,,,,,
TPE,Triple Piston Extender,,,,三次递推/递归,,,,,,,,,,,,,,,,,
,Tripwire Hook Duper,,,,刷钩机,,,,,,,,,,,,,,,,,
,Tunnel Bore,Slimestone term. Refers to machines that digs tunnels.,,,盾构机,,,,,,,,,,,,,,,,,
UTF,Universal Tree Farm,"Tree farming term. In versions <1.17, refers to tree farm that farms all 5 types of 1x1 trees (birch, oak, spruce, jungle, acacia). In versions >1.17, usually refers to tree farm that can farm all 1x1 trees except mangrove (birch, oak, spruce, jungle, acacia, azalea, cherry).",,,全树种,,,,,,,,,,,,,,,,,
,Unloader,"Storage tech term. Usually refers to a contraption that unloads items from a container, such as shulker box or minecarts",,,拆包机/卸货机,,,,,,,,,,,,,,,,Unloader,
,Unstackable Filter (aka Unstackable Separator),Storage tech term. Refers to a contraption that separates unstackable items from stackable items,,,不可堆叠分离,,,,,,,,,,,,,,,,Filtro de Unstackables,
,Unstackable Separator (aka Unstackable Filter),Storage tech term. Refers to a contraption that separates unstackable items from stackable items,,,不可堆叠分离,,,,,,,,,,,,,,,,Filtro de Unstackables,
,Unstackable Sorter,Storage tech term. Refers to a contraption that sorts a certain unstackable(s) from other unstackables based on a unique property of that item,,,不可堆叠分类,,,,,,,,,,,,,,,,Clasificador de Unstackables,
,Up Acceleration,,,,上弹,,,,,,,,,,,,,,,,,
,Update Order,,,,更新顺序,,,,,,,,,,,,,,,,Orden de Updates,
,Update Skipping/Skipper,,,,更新跳略/跳略机,,,,,,,,,,,,,,,,,
,Update Suppression/Suppressor,,,,更新抑制/抑制器,,,,,,,,,,,,,,,,Update Suppression,
UI,User Interface,,,,用户面板,,,,,,,,,,,,,,,,Interfaz de Usuario,
var,Variable,Storage tech term.,,,自适应的,,,,,,,,,,,,,,,,Variable,
,Variable Loader,Storage tech term.,,,自适应打包机,,,,,,,,,,,,,,,,Loader Variable,
,Variable Sorter,Storage tech term.,,,自适应分类,,,,,,,,,,,,,,,,Clasificador Variable,
,Variable Stack Separation,Storage tech term.,,,自适应堆分,,,,,,,,,,,,,,,,,
VDQ,Vertical Duping Quarry,Slimestone term.,,,垂直复制采矿机,,,,,,,,,,,,,,,,,
,Village (V),,,,村庄运算,,,,,,,,,,,,,,,,Villa,
,Void Trading,"A method that allowed players to trade infinitely by unloading a chunk where a villager is located while its trading window is open, and then making the trade while the villager isn't rendered.",,,虚空交易,,,,,,,,,,,,,,,,,
,Wall Placer,Slimestone term.,,,铺墙机/糊墙机,,,,,,,,,,,,,,,,,
,Wallstone,Refers to a method of sending signal or update through the shape change of walls.,,,墙电,,,,,,,,,,,,,,,,,
,Wanker(aka Item Wanker),Storage tech term.,,,物盒分离/潜影盒取样器,,,,,,,,,,,,,,,,Wanker,
,Water stream,,,,水道,,,,,,,,,,,,,,,,Corriente de agua,
,Whitelist,,,,白名单,,,,,,,,,,,,,,,,,
,Wiring,,,,布线/线路,,,,,,,,,,,,,,,,,
,Wither Killer,,,,杀凋机,,,,,,,,,,,,,,,,,
Wiske,Wither Skeleton,,,,凋灵骷髅,,,,,,,,,,,,,,,,,
,Wool Farm,,,,羊毛机,,,,,,,,,,,,,,,,,
,Word Tear,1.12.2,,,字撕裂,,,,,,,,,,,,,,,,Word tear,
,Workstation (aka Job Site Block),Any block that a player or villager can use to produce items. ,,,（村民）工作站,,,,,,,,,,,,,,,,Mesa de trabajo,
,Workstation Forcing,Raid farming term.,,,可控认领/可控村民就职,,,,,,,,,,,,,,,,,
WDL,World Download,,,,存档,,,,,,,,,,,,,,,,,
WE,World Eater,,,,世界吞噬者/世吞,,,,,,,,,,,,,,,,World eater,
WTU,World Time Update,,,,世界时间更新,,,,,,,,,,,,,,,,Actualización de World Time,
,X Core,"Usually refers to a contraption with X amount of cores, such as dual-core, tri-core etc.",,,X 核,,,,,,,,,,,,,,,,,
X t,X tick,X amount of game ticks.,,,X t,,,,,,,,,,,,,,,,,
,X Wide AB Tileable,,,,X宽ab堆叠,,,,,,,,,,,,,,,,"X de Ancho, AB Tileable",
,X Wide Tileable,,,,X宽堆叠,,,,,,,,,,,,,,,,"X de Ancho, Tileable",
,,Can also be referred to as the phenomenon of collision checking along axes in entity movement based on Entity.move().,,,沿轴运动/沿轴移动,,,,,,,,,,,,,,,,,
